﻿<parameters>
  <parameter name="IIS Web Application Name" defaultValue="__SITENAME__" tags="IisApp">
    <parameterEntry kind="ProviderPath" scope="IisApp" match="^C:\\Users\\Brian\\Source\\Repos\\FabrikamFiber\\FabrikamFiber\.Web\\obj\\Release\\Package\\PackageTmp$" />
    <parameterEntry kind="ProviderPath" scope="setAcl" match="^C:\\Users\\Brian\\Source\\Repos\\FabrikamFiber\\FabrikamFiber\.Web\\obj\\Release\\Package\\PackageTmp$" />
  </parameter>
  <parameter name="FabrikamFiber-Express" defaultValue="__FabrikamFiber-Express__">
    <parameterEntry kind="XmlFile" scope="web\.config$" match="/configuration/connectionStrings/add[@name='FabrikamFiber-Express']/@connectionString" />
  </parameter>
  <parameter name="Ambiente" defaultValue="__Ambiente__">
    <parameterEntry kind="XmlFile" scope="\\web.config$" match="/configuration/appSettings/add[@key='Ambiente']/@value" />
  </parameter>
  <parameter name="FabrikamFiber-Express-Web.config Connection String" description="FabrikamFiber-Express Connection String used in web.config by the application to access the database." defaultValue="data source=VM02-TFSDB;Integrated Security=true;Initial Catalog=FabrikamFiber-Express" tags="SqlConnectionString">
    <parameterEntry kind="XmlFile" scope="C:\\Users\\Brian\\Source\\Repos\\FabrikamFiber\\FabrikamFiber\.Web\\obj\\Release\\Package\\PackageTmp\\Web\.config$" match="/configuration/connectionStrings/add[@name='FabrikamFiber-Express']/@connectionString" />
  </parameter>
  <parameter name="FabrikamFiber-DataWarehouse-Web.config Connection String" description="FabrikamFiber-DataWarehouse Connection String used in web.config by the application to access the database." defaultValue="data source=VM02-TFSDB;User Id=vmuser; Password=Password~1; Initial Catalog=FabrikamFiber-Express" tags="SqlConnectionString">
    <parameterEntry kind="XmlFile" scope="C:\\Users\\Brian\\Source\\Repos\\FabrikamFiber\\FabrikamFiber\.Web\\obj\\Release\\Package\\PackageTmp\\Web\.config$" match="/configuration/connectionStrings/add[@name='FabrikamFiber-DataWarehouse']/@connectionString" />
  </parameter>
  <parameter name="FabrikamFiber.DAL.Data.FabrikamFiberWebContext-Web.config Connection String" description="FabrikamFiber.DAL.Data.FabrikamFiberWebContext Connection String used in web.config by the application to access the database." defaultValue="FabrikamFiber.DAL.Data.FabrikamFiberWebContext_ConnectionString" tags="SqlConnectionString">
    <parameterEntry kind="XmlFile" scope="C:\\Users\\Brian\\Source\\Repos\\FabrikamFiber\\FabrikamFiber\.Web\\obj\\Release\\Package\\PackageTmp\\Web\.config$" match="/configuration/connectionStrings/add[@name='FabrikamFiber.DAL.Data.FabrikamFiberWebContext']/@connectionString" />
  </parameter>
</parameters>