﻿<parameters>
  <parameter name="IIS Web Application Name" defaultValue="__SITENAME__" tags="IisApp">
    <parameterEntry kind="ProviderPath" scope="IisApp" match="^C:\\Users\\Brian\\Source\\Repos\\FabrikamFiber\\FabrikamFiber\.Web\\obj\\Release\\Package\\PackageTmp$" />
    <parameterEntry kind="ProviderPath" scope="setAcl" match="^C:\\Users\\Brian\\Source\\Repos\\FabrikamFiber\\FabrikamFiber\.Web\\obj\\Release\\Package\\PackageTmp$" />
  </parameter>
  <parameter name="FabrikamFiber-Express" defaultValue="__FabrikamFiber-Express__">
    <parameterEntry kind="XmlFile" scope="web\.config$" match="/configuration/connectionStrings/add[@name='FabrikamFiber-Express']/@connectionString" />
  </parameter>
  <parameter name="Ambiente" defaultValue="__Ambiente__">
    <parameterEntry kind="XmlFile" scope="\\web.config$" match="/configuration/appSettings/add[@key='Ambiente']/@value" />
  </parameter>
  <parameter name="FabrikamFiber-DataWarehouse-Web.config Connection String" defaultValue="__FabrikamFiber-DataWarehouse__">
    <parameterEntry kind="XmlFile" scope="C:\\Users\\Brian\\Source\\Repos\\FabrikamFiber\\FabrikamFiber\.Web\\obj\\Release\\Package\\PackageTmp\\Web\.config$" match="/configuration/connectionStrings/add[@name='FabrikamFiber-DataWarehouse']/@connectionString" />
  </parameter>
  <parameter name="FabrikamFiber-Express-Web.config Connection String" defaultValue="__FabrikamFiber-Express__">
    <parameterEntry kind="XmlFile" scope="C:\\Users\\Brian\\Source\\Repos\\FabrikamFiber\\FabrikamFiber\.Web\\obj\\Release\\Package\\PackageTmp\\Web\.config$" match="/configuration/connectionStrings/add[@name='FabrikamFiber-Express']/@connectionString" />
  </parameter>
  <parameter name="FabrikamFiber.DAL.Data.FabrikamFiberWebContext-Web.config Connection String" defaultValue="FabrikamFiber.DAL.Data.FabrikamFiberWebContext_ConnectionString">
    <parameterEntry kind="XmlFile" scope="C:\\Users\\Brian\\Source\\Repos\\FabrikamFiber\\FabrikamFiber\.Web\\obj\\Release\\Package\\PackageTmp\\Web\.config$" match="/configuration/connectionStrings/add[@name='FabrikamFiber.DAL.Data.FabrikamFiberWebContext']/@connectionString" />
  </parameter>
</parameters>